{
  "name": "Monster1_Damage_Front",
  "rootMotion": {
    "length": 0.6666667,
    "frameRate": 60,
    "tx": [
      -0.0229907278,
      0.00268218853,
      0.0166257136,
      -0.00749091059,
      -0.0375929624,
      -0.04519762,
      -0.0458598,
      -0.04594367,
      -0.0445386656,
      -0.0427378453,
      -0.0408945158,
      -0.03989256,
      -0.0392332822,
      -0.0386994332,
      -0.038330514,
      -0.03825907,
      -0.03798872,
      -0.0370446332,
      -0.0354947,
      -0.03336407,
      -0.0303061157,
      -0.02578406,
      -0.020393528,
      -0.0142092742,
      -0.00825712,
      -0.00339797419,
      -0.000201261108,
      6.902237E-05,
      -0.0013642346,
      -0.00406438857,
      -0.00693678,
      -0.008309701,
      -0.009477888,
      -0.0113921463,
      -0.01341244,
      -0.0151598491,
      -0.0168018788,
      -0.0183683354,
      -0.0198933873,
      -0.02142457
    ],
    "ty": [
      0.978105545,
      0.93465656,
      0.905946851,
      0.9235948,
      0.951702237,
      0.9597256,
      0.9632196,
      0.9684182,
      0.972739458,
      0.9753656,
      0.9772383,
      0.9789215,
      0.980730951,
      0.983320534,
      0.986239851,
      0.989522755,
      0.9923703,
      0.9941217,
      0.9943959,
      0.9929399,
      0.9887098,
      0.980249941,
      0.9685424,
      0.952739954,
      0.936874568,
      0.924238443,
      0.9162033,
      0.9163027,
      0.921343,
      0.9300109,
      0.940199256,
      0.9495941,
      0.9575031,
      0.9617635,
      0.9644726,
      0.9670987,
      0.969365835,
      0.9714306,
      0.973463953,
      0.975750744
    ],
    "tz": [
      -0.0172535069,
      -0.06536865,
      -0.110045753,
      -0.146874353,
      -0.175333664,
      -0.191011667,
      -0.201171532,
      -0.212225139,
      -0.222314358,
      -0.231935546,
      -0.2404371,
      -0.247488126,
      -0.252622873,
      -0.255081743,
      -0.25541535,
      -0.253685117,
      -0.250599,
      -0.246659756,
      -0.2425445,
      -0.239569575,
      -0.236319959,
      -0.231393129,
      -0.226067856,
      -0.220890835,
      -0.216655865,
      -0.214275,
      -0.213940173,
      -0.216715142,
      -0.2208963,
      -0.225491911,
      -0.229430214,
      -0.231105149,
      -0.231128216,
      -0.229474992,
      -0.226447061,
      -0.2222546,
      -0.217147321,
      -0.211356089,
      -0.205147535,
      -0.19886829
    ],
    "qx": [
      -0.009735674,
      0.0162676331,
      0.0177793652,
      -0.0621387,
      -0.1506382,
      -0.180142075,
      -0.191774413,
      -0.2063403,
      -0.217219666,
      -0.224611431,
      -0.228863627,
      -0.23067148,
      -0.229192436,
      -0.223744348,
      -0.214541242,
      -0.201121569,
      -0.184829861,
      -0.166568652,
      -0.147202522,
      -0.128685489,
      -0.108651586,
      -0.08487907,
      -0.0588893965,
      -0.0297371037,
      -0.002601175,
      0.0173797738,
      0.0310304426,
      0.0362537429,
      0.03667653,
      0.03516711,
      0.03190365,
      0.0279631354,
      0.02351722,
      0.01918168,
      0.0147010516,
      0.009916698,
      0.00515393773,
      0.000625913031,
      -0.00348949432,
      -0.00676241238
    ],
    "qy": [
      0.542141557,
      0.476659775,
      0.423346221,
      0.4065735,
      0.401896834,
      0.3911411,
      0.37986967,
      0.367273718,
      0.3542952,
      0.341205627,
      0.329207718,
      0.319481641,
      0.3123665,
      0.3091033,
      0.3081666,
      0.308695942,
      0.309936941,
      0.310735136,
      0.3114304,
      0.311904639,
      0.312377453,
      0.3128437,
      0.3138594,
      0.315650344,
      0.319201857,
      0.325422376,
      0.334768534,
      0.348585874,
      0.365115941,
      0.3834905,
      0.40238452,
      0.4201772,
      0.436888367,
      0.451694965,
      0.465504944,
      0.478977323,
      0.4920355,
      0.5047949,
      0.5173384,
      0.5297712
    ],
    "qz": [
      0.0364637673,
      -0.02033,
      -0.0562846065,
      -0.0253258869,
      0.0176803172,
      0.0245620348,
      0.0213116743,
      0.0185563564,
      0.0142199695,
      0.009575428,
      0.00520277023,
      0.00212406833,
      0.0002861335,
      0.00024371747,
      0.00119507266,
      0.00272228965,
      0.004228592,
      0.00498234155,
      0.004970192,
      0.00386844156,
      0.00187652453,
      -0.00109704654,
      -0.00450320775,
      -0.0079523325,
      -0.0110576292,
      -0.013336068,
      -0.0146867679,
      -0.0148007525,
      -0.0138192941,
      -0.0116293281,
      -0.008684901,
      -0.00539802,
      -0.001781646,
      0.001947402,
      0.00598870264,
      0.0105251,
      0.0153899668,
      0.0205093659,
      0.0257880688,
      0.03110857
    ],
    "qw": [
      0.8394397,
      0.8758422,
      0.9040434,
      0.9074742,
      0.9030366,
      0.903504431,
      0.9046922,
      0.9067565,
      0.909444332,
      0.9126999,
      0.916087866,
      0.91910094,
      0.9218993,
      0.9243639,
      0.926825047,
      0.929639,
      0.9326092,
      0.9357503,
      0.938785553,
      0.9413958,
      0.9437226,
      0.945986152,
      0.947631,
      0.948240757,
      0.947619,
      0.945367455,
      0.9416751,
      0.9364885,
      0.930137,
      0.922763467,
      0.9148739,
      0.906980336,
      0.8992067,
      0.891980767,
      0.8849033,
      0.8777096,
      0.870424151,
      0.8629965,
      0.855385542,
      0.84746933
    ]
  },
  "isLoop": false,
  "boxes": []
}