{
  "name": "Monster1_Skill_A",
  "rootMotion": {
    "length": 1.50000012,
    "frameRate": 60,
    "tx": [
      -0.0229908191,
      0.0342045538,
      0.07893478,
      0.08853619,
      0.08113911,
      0.06667239,
      0.0470767766,
      0.0261057522,
      0.008249986,
      0.00167618645,
      -0.000890144263,
      -0.002099271,
      -0.00765716331,
      -0.0258549787,
      -0.0515874773,
      -0.08780259,
      -0.1186319,
      -0.123478949,
      -0.119475335,
      -0.118132144,
      -0.1155682,
      -0.111793771,
      -0.106819138,
      -0.100557864,
      -0.09356572,
      -0.08681629,
      -0.08128315,
      -0.08278374,
      -0.07502701,
      -0.0317581,
      0.0111751379,
      0.0196237881,
      0.0147509845,
      0.00460248347,
      -0.00562035525,
      -0.00571851945,
      -0.00263969623,
      -0.000293800142,
      0.002405111,
      0.00527719967,
      0.008209877,
      0.01106286,
      0.0137985758,
      0.0161828883,
      0.01798166,
      0.01896862,
      0.0194512084,
      0.0196742062,
      0.0195951145,
      0.0193494689,
      0.0190728,
      0.01875657,
      0.018670544,
      0.0189329833,
      0.0199265014,
      0.02223945,
      0.0253729746,
      0.0290623941,
      0.0333454534,
      0.0379945673,
      0.0427821428,
      0.04738522,
      0.0523172021,
      0.0585367233,
      0.06453739,
      0.0689755,
      0.07232165,
      0.07462658,
      0.07594103,
      0.0763157457,
      0.07580146,
      0.0744664744,
      0.0723856,
      0.0696193948,
      0.06622839,
      0.0622731373,
      0.0578141734,
      0.053079877,
      0.0477896929,
      0.041240707,
      0.03273,
      0.0209208,
      0.008816784,
      -0.000837373547,
      -0.008530687,
      -0.0135354251,
      -0.0167569779,
      -0.0186152738,
      -0.0198393576,
      -0.0214114841,
      -0.0229924582
    ],
    "ty": [
      0.978104234,
      0.9020901,
      0.8225781,
      0.7268815,
      0.63906914,
      0.5840615,
      0.54661727,
      0.509811461,
      0.5036153,
      0.574945,
      0.6560413,
      0.680265069,
      0.691172838,
      0.7147412,
      0.73707056,
      0.7524713,
      0.7637274,
      0.7717573,
      0.7774796,
      0.7818128,
      0.785675466,
      0.7890611,
      0.7912256,
      0.791981161,
      0.791139841,
      0.7885139,
      0.78391546,
      0.7823883,
      0.7683126,
      0.7148585,
      0.6609397,
      0.645597756,
      0.6416141,
      0.6331146,
      0.62549603,
      0.6187057,
      0.6126908,
      0.60739857,
      0.6027763,
      0.5987712,
      0.595330536,
      0.5924016,
      0.589931548,
      0.5880795,
      0.587058544,
      0.586897,
      0.5876233,
      0.589265645,
      0.5918525,
      0.595412135,
      0.5999729,
      0.605563164,
      0.6122112,
      0.620156944,
      0.630174935,
      0.643095851,
      0.6597503,
      0.680619538,
      0.70442754,
      0.729368865,
      0.7536382,
      0.77663666,
      0.7995205,
      0.8231176,
      0.848255932,
      0.87456423,
      0.90049094,
      0.9250933,
      0.9474286,
      0.9665539,
      0.981526732,
      0.9930931,
      1.00268614,
      1.01039326,
      1.01630175,
      1.02049923,
      1.02307308,
      1.02411044,
      1.02369893,
      1.02192593,
      1.0188787,
      1.01464474,
      1.00931144,
      1.00368416,
      0.998520255,
      0.9938345,
      0.989641845,
      0.9859572,
      0.9827955,
      0.9801716,
      0.9781004
    ],
    "tz": [
      -0.01725123,
      0.1088362,
      0.235868618,
      0.3612345,
      0.496548742,
      0.656760454,
      0.829255462,
      1.01039016,
      1.188202,
      1.34439659,
      1.49432456,
      1.6513083,
      1.80952191,
      1.961061,
      2.09802151,
      2.21539068,
      2.31517053,
      2.39997935,
      2.47243428,
      2.53515339,
      2.59075475,
      2.641856,
      2.69107485,
      2.741029,
      2.79433656,
      2.85081387,
      2.912169,
      2.96975684,
      3.05678535,
      3.233456,
      3.41013765,
      3.50954032,
      3.56954479,
      3.60639453,
      3.63633442,
      3.66586781,
      3.69095349,
      3.71201849,
      3.7294898,
      3.743795,
      3.7553606,
      3.76461434,
      3.77198315,
      3.777894,
      3.78277421,
      3.78705072,
      3.791151,
      3.795502,
      3.80053067,
      3.805094,
      3.80782557,
      3.80881786,
      3.808164,
      3.805956,
      3.80228662,
      3.79724884,
      3.7909348,
      3.78343773,
      3.77484965,
      3.76939964,
      3.770739,
      3.778093,
      3.790687,
      3.80774641,
      3.82849646,
      3.8521626,
      3.87797,
      3.90514421,
      3.93291068,
      3.96049452,
      3.987121,
      4.01309443,
      4.039245,
      4.065588,
      4.09213829,
      4.118911,
      4.14592028,
      4.17318249,
      4.20071125,
      4.228523,
      4.25663137,
      4.285052,
      4.3138,
      4.34289026,
      4.37233734,
      4.402157,
      4.43236351,
      4.46297264,
      4.49399853,
      4.52545643,
      4.557362
    ],
    "qx": [
      -0.009735674,
      0.162516192,
      0.319227874,
      0.442256838,
      0.52387017,
      0.5385649,
      0.5215084,
      0.496697277,
      0.472140729,
      0.471142828,
      0.471815616,
      0.456193626,
      0.435813248,
      0.412703842,
      0.397421122,
      0.4099337,
      0.4240325,
      0.415260136,
      0.398330063,
      0.380130231,
      0.3587398,
      0.335707724,
      0.312583029,
      0.2909147,
      0.272251844,
      0.256949872,
      0.247477442,
      0.238274336,
      0.252312958,
      0.334958643,
      0.413468868,
      0.4099384,
      0.385231555,
      0.378743529,
      0.3769815,
      0.379125446,
      0.3843553,
      0.391851038,
      0.400792629,
      0.410360038,
      0.419733167,
      0.428282619,
      0.43592155,
      0.442643821,
      0.448443353,
      0.453314,
      0.457249671,
      0.460244238,
      0.462291628,
      0.463385642,
      0.463520259,
      0.4626893,
      0.460886717,
      0.457773626,
      0.452762216,
      0.445472836,
      0.4355258,
      0.423104048,
      0.409427464,
      0.395671874,
      0.38301304,
      0.3718904,
      0.361733824,
      0.3522047,
      0.34296453,
      0.333674669,
      0.323996544,
      0.313591659,
      0.302121341,
      0.2892471,
      0.2746303,
      0.258101672,
      0.239922062,
      0.220398173,
      0.199836716,
      0.178544417,
      0.156827956,
      0.13499409,
      0.1133495,
      0.0922009051,
      0.07185502,
      0.05209424,
      0.03437661,
      0.019960545,
      0.008831507,
      0.00186089473,
      -0.00235041138,
      -0.00454036565,
      -0.005821715,
      -0.0077509894,
      -0.009735605
    ],