{
  "name": "Monster1_Idle",
  "rootMotion": {
    "length": 2.0,
    "frameRate": 60,
    "tx": [
      -0.022989152,
      -0.0236168951,
      -0.0242527146,
      -0.0249118079,
      -0.0255809,
      -0.0262537785,
      -0.02692444,
      -0.0275876224,
      -0.028234899,
      -0.0288578868,
      -0.0294511952,
      -0.0300078839,
      -0.03052421,
      -0.0309850536,
      -0.0314175859,
      -0.03183844,
      -0.032264106,
      -0.032724496,
      -0.033195965,
      -0.0336665437,
      -0.034131147,
      -0.0345843546,
      -0.0350152068,
      -0.03541406,
      -0.0357715525,
      -0.0360915139,
      -0.0363247544,
      -0.0364077725,
      -0.0363873877,
      -0.036295034,
      -0.0361133628,
      -0.0358336344,
      -0.0354614481,
      -0.03499403,
      -0.0344477668,
      -0.0338380076,
      -0.0331651159,
      -0.032431446,
      -0.031646397,
      -0.0308194477,
      -0.0299526919,
      -0.0290495791,
      -0.02811552,
      -0.02715441,
      -0.0261742454,
      -0.0251829512,
      -0.0241846256,
      -0.0231839679,
      -0.0221870821,
      -0.021200275,
      -0.020227626,
      -0.0192727484,
      -0.0183433518,
      -0.01744709,
      -0.016587764,
      -0.0157702,
      -0.0149989976,
      -0.01427829,
      -0.0136142895,
      -0.0130220633,
      -0.01247918,
      -0.0119733745,
      -0.0114892013,
      -0.0110044675,
      -0.0105271265,
      -0.0100566326,
      -0.009596296,
      -0.009149128,
      -0.008715466,
      -0.008295664,
      -0.007892681,
      -0.007509172,
      -0.007146407,
      -0.006806111,
      -0.00648957957,
      -0.00619838061,
      -0.00593342166,
      -0.00569556653,
      -0.005486514,
      -0.00530767441,
      -0.00516078155,
      -0.005048437,
      -0.004969447,
      -0.004923227,
      -0.00491055241,
      -0.0049419296,
      -0.00498758629,
      -0.005007725,
      -0.00504290638,
      -0.005124364,
      -0.005240298,
      -0.00538692251,
      -0.00557142729,
      -0.00579855125,
      -0.00607186137,
      -0.00639880961,
      -0.006772479,
      -0.007188073,
      -0.00764667662,
      -0.008148913,
      -0.00869137049,
      -0.009271318,
      -0.009887322,
      -0.0105382651,
      -0.01122046,
      -0.0119317472,
      -0.01266642,
      -0.013419305,
      -0.0141866319,
      -0.0149656776,
      -0.0157481246,
      -0.0165240522,
      -0.01729554,
      -0.018063046,
      -0.0188215114,
      -0.0195669811,
      -0.02029658,
      -0.0210073367,
      -0.0216955729,
      -0.02234952,
      -0.02299045
    ],
    "ty": [
      0.9781055,
      0.97827214,
      0.978463352,
      0.978725553,
      0.9790179,
      0.979321361,
      0.9796171,
      0.979886234,
      0.9801104,
      0.9802709,
      0.9803497,
      0.9803287,
      0.9801895,
      0.9799045,
      0.9794833,
      0.978916466,
      0.9782342,
      0.9774616,
      0.9766039,
      0.9756714,
      0.974674463,
      0.9736229,
      0.972528934,
      0.971405,
      0.970259845,
      0.969099343,
      0.9679444,
      0.966818154,
      0.9657197,
      0.9646518,
      0.9636266,
      0.9626686,
      0.961742759,
      0.96083,
      0.959907353,
      0.9589401,
      0.9579451,
      0.95692575,
      0.9558884,
      0.9548393,
      0.9537825,
      0.95272243,
      0.9516643,
      0.9506136,
      0.9495746,
      0.9485517,
      0.9475499,
      0.9465735,
      0.9456286,
      0.9447214,
      0.9438555,
      0.9430343,
      0.942264736,
      0.9415539,
      0.9409057,
      0.940324664,
      0.939816058,
      0.939385,
      0.9390367,
      0.938780665,
      0.9386094,
      0.9385231,
      0.938509166,
      0.938555,
      0.9386603,
      0.938821256,
      0.939036,
      0.939302,
      0.9396172,
      0.939980149,
      0.9403864,
      0.9408316,
      0.941314161,
      0.9418313,
      0.94238174,
      0.9429649,
      0.9435756,
      0.94420886,
      0.9448633,
      0.9455362,
      0.946226239,
      0.946933,
      0.9476512,
      0.9483758,
      0.949106634,
      0.9498417,
      0.950581551,
      0.9513298,
      0.952076435,
      0.9528131,
      0.9535387,
      0.9542446,
      0.9549456,
      0.955650449,
      0.9563693,
      0.9571185,
      0.957889,
      0.958677948,
      0.9594837,
      0.960304439,
      0.961138248,
      0.961982965,
      0.96283716,
      0.9636996,
      0.964567363,
      0.9654375,
      0.9663095,
      0.967182457,
      0.968055,
      0.968925536,
      0.9697935,
      0.9706586,
      0.971519,
      0.972373,
      0.973219931,
      0.9740589,
      0.97488904,
      0.9757092,
      0.976519048,
      0.9773149,
      0.9781053
    ],
    "tz": [
      -0.01725287,
      -0.0169828441,
      -0.0167031,
      -0.0163952038,
      -0.01607559,
      -0.0157519486,
      -0.0154321063,
      -0.0151243024,
      -0.0148349982,
      -0.0145707559,
      -0.01433952,
      -0.0141486,
      -0.0140064554,
      -0.0139257945,
      -0.0139011722,
      -0.0139354281,
      -0.0140164169,
      -0.0141335335,
      -0.0142849889,
      -0.0144669013,
      -0.0146749523,
      -0.014904879,
      -0.0151526378,
      -0.0154142436,
      -0.0156852584,
      -0.0159664378,
      -0.0162382219,
      -0.0164742284,
      -0.0166956652,
      -0.016918499,
      -0.0171320569,
      -0.0173276123,
      -0.0175152924,
      -0.0176991429,
      -0.0178886913,
      -0.0180971734,
      -0.01831752,
      -0.0185481887,
      -0.0187858436,
      -0.0190266874,
      -0.0192705635,
      -0.0195167828,
      -0.0197631344,
      -0.0200073328,
      -0.0202488918,
      -0.02048785,
      -0.0207203254,
      -0.0209415536,
      -0.0211542137,
      -0.021360416,
      -0.0215571038,
      -0.0217434838,
      -0.0219148733,
      -0.02206595,
      -0.0221978314,
      -0.0223107189,
      -0.0224020164,
      -0.022469651,
      -0.0225122683,
      -0.0225222241,
      -0.0225163084,
      -0.0225069616,
      -0.0224995818,
      -0.02250392,
      -0.0225193538,
      -0.0225498527,
      -0.02259139,
      -0.0226412024,
      -0.02269947,
      -0.0227665268,
      -0.0228391662,
      -0.02291408,
      -0.0229919143,
      -0.02307294,
      -0.0231549572,
      -0.02323554,
      -0.0233156253,
      -0.0233966652,
      -0.0234746784,
      -0.0235461667,
      -0.023611119,
      -0.0236687027,
      -0.0237178709,
      -0.0237584487,
      -0.0237869825,
      -0.0238040853,
      -0.0237973761,
      -0.0237493441,
      -0.0236759689,
      -0.02358933,
      -0.0234836247,
      -0.0233560912,
      -0.02320969,
      -0.0230455082,
      -0.0228663888,
      -0.022674799,
      -0.0224729478,
      -0.0222638138,
      -0.0220475513,
      -0.0218250677,
      -0.02159707,
      -0.0213643573,
      -0.02112757,
      -0.020886641,
      -0.0206445213,
      -0.0204045475,
      -0.0201655142,
      -0.0199268386,
      -0.0196900088,
      -0.0194565225,
      -0.0192257687,
      -0.0189968366,
      -0.0187721271,
      -0.0185536463,
      -0.0183416642,
      -0.0181367621,
      -0.01794003,
      -0.0177524611,
      -0.01757492,
      -0.01741148,
      -0.0172535013
    ],