{
  "name": "Monster1_Skill_C",
  "rootMotion": {
    "length": 1.0,
    "frameRate": 60,
    "tx": [
      -0.0229906421,
      0.03866507,
      0.08113919,
      0.065387696,
      0.03181629,
      0.009362139,
      -0.00661318377,
      -0.006271282,
      -0.004105455,
      -0.018925149,
      -0.0279436316,
      -0.00513583235,
      0.02097383,
      0.0252852328,
      0.0235504024,
      0.0241780467,
      0.0240981337,
      0.0229480471,
      0.020924136,
      0.0182638355,
      0.0152045833,
      0.01169819,
      0.008295941,
      0.004869316,
      0.00331936684,
      0.00708308769,
      0.0114239557,
      0.0118103288,
      0.0110649355,
      0.0114262858,
      0.0101151783,
      0.000360109843,
      -0.00362302875,
      0.0165170357,
      0.04160094,
      0.05573034,
      0.06741476,
      0.0813169554,
      0.0930786,
      0.09938107,
      0.101768069,
      0.09996008,
      0.0961081162,
      0.0925895,
      0.08872036,
      0.08453904,
      0.08008388,
      0.0753932148,
      0.07050539,
      0.06543746,
      0.05981048,
      0.05306876,
      0.0446566343,
      0.033615917,
      0.0222348068,
      0.0112907887,
      0.00420336425,
      0.006189692,
      0.0126352068,
      0.0213580467,
      0.0302764773
    ],
    "ty": [
      0.978104234,
      0.793355346,
      0.639068961,
      0.571967542,
      0.543734133,
      0.5166163,
      0.5156428,
      0.5653827,
      0.629463255,
      0.678192,
      0.716097057,
      0.7343166,
      0.743327439,
      0.7523879,
      0.759667337,
      0.765458941,
      0.770056,
      0.7737517,
      0.7768392,
      0.77910316,
      0.779982,
      0.7792499,
      0.776681,
      0.7787976,
      0.765723348,
      0.702041268,
      0.640905,
      0.6362891,
      0.6503092,
      0.6600991,
      0.673321366,
      0.691011965,
      0.714206755,
      0.743941545,
      0.7812523,
      0.834632158,
      0.879395664,
      0.88531816,
      0.8780998,
      0.8758042,
      0.873048246,
      0.869818568,
      0.866101861,
      0.8618847,
      0.8571537,
      0.8518956,
      0.846096933,
      0.8397444,
      0.8328245,
      0.826223135,
      0.8169411,
      0.801446438,
      0.7826981,
      0.7645918,
      0.751023233,
      0.7436835,
      0.7403278,
      0.7389484,
      0.7375376,
      0.7353127,
      0.732988238
    ],
    "tz": [
      -0.017251173,
      0.249646112,
      0.496548742,
      0.685015738,
      0.8503914,
      1.01829064,
      1.17946041,
      1.321643,
      1.47946811,
      1.70390069,
      1.93367684,
      2.12192822,
      2.27643347,
      2.38092923,
      2.46067286,
      2.5378356,
      2.6062398,
      2.66799283,
      2.7252028,
      2.77997732,
      2.834424,
      2.89065075,
      2.95076513,
      3.00749373,
      3.08667326,
      3.23427677,
      3.38141441,
      3.47097254,
      3.530417,
      3.5661,
      3.58437324,
      3.58022141,
      3.55414629,
      3.52077556,
      3.49473667,
      3.48248887,
      3.479291,
      3.482968,
      3.49134612,
      3.50225,
      3.51350522,
      3.5229373,
      3.52837181,
      3.53054833,
      3.53179741,
      3.53233123,
      3.53236175,
      3.532101,
      3.531761,
      3.53155375,
      3.53169131,
      3.53238559,
      3.533849,
      3.53890467,
      3.549441,
      3.56426764,
      3.58219385,
      3.60202885,
      3.622582,
      3.642663,
      3.66108084
    ],
    "qx": [
      -0.009735674,
      0.2913127,
      0.5238701,
      0.554112434,
      0.509548366,
      0.476206481,
      0.444703,
      0.4459665,
      0.445088983,
      0.4028375,
      0.363115221,
      0.3670241,
      0.3837346,
      0.3944199,
      0.405791581,
      0.417617559,
      0.429665774,
      0.441704035,
      0.4535003,
      0.4644738,
      0.473980963,
      0.481695175,
      0.487289846,
      0.493517429,
      0.49229753,
      0.475400329,
      0.4454148,
      0.398187935,
      0.3457164,
      0.299110919,
      0.256875277,
      0.2309723,
      0.192134425,
      0.104379646,
      -0.000182278323,
      -0.112207249,
      -0.199382,
      -0.211335078,
      -0.192898721,
      -0.172603592,
      -0.148981735,
      -0.131747514,
      -0.115884691,
      -0.09942797,
      -0.08291493,
      -0.06609906,
      -0.04873386,
      -0.0305728018,
      -0.01136937,
      0.007794142,
      0.03060399,
      0.0617511235,
      0.097028926,
      0.135325342,
      0.172047168,
      0.201354265,
      0.225630254,
      0.246041387,
      0.263753921,
      0.2799341,
      0.295748234
    ],
    "qy": [
      0.542141557,
      0.396211565,
      0.264016867,
      0.168320417,
      0.09577453,
      0.0323508531,
      0.002854541,
      0.047577884,
      0.106031492,
      0.110128216,
      0.122953355,
      0.21071431,
      0.295957685,
      0.305946678,
      0.29273814,
      0.287662178,
      0.2809544,
      0.273548484,
      0.266378164,
      0.259701967,
      0.25311324,
      0.246547729,
      0.239941165,
      0.23200275,
      0.226602882,
      0.230943009,
      0.2336551,
      0.229256079,
      0.207293287,
      0.165602,
      0.07383631,
      -0.123653382,
      -0.353115529,
      -0.565300465,
      -0.742359936,
      -0.8372346,
      -0.8883095,
      -0.9153669,
      -0.9271541,
      -0.9411049,
      -0.95193,
      -0.9600631,
      -0.9659378,
      -0.969987869,
      -0.9726469,
      -0.9743486,
      -0.975526631,
      -0.9768621,
      -0.977523565,
      -0.9756759,
      -0.969483852,
      -0.958222568,
      -0.938824534,
      -0.9059403,
      -0.8542204,
      -0.780884743,
      -0.687736154,
      -0.5693735,
      -0.444033623,
      -0.327436656,
      -0.2217367
    ],
    "qz": [
      0.0364637673,
      -0.00439087674,
      -0.0340866148,
      -0.0306599773,
      -0.0153657645,
      -0.00475908257,
      0.009024421,
      0.0274073947,
      0.0531598628,
      0.102894641,
      0.136505917,
      0.09910577,
      0.05165319,
      0.0470713265,
      0.0545802526,
      0.0595554672,
      0.0666743442,
      0.0753271058,
      0.08490397,
      0.09530187,
      0.10589847,
      0.11530517,
      0.122133359,
      0.1308295,
      0.126100555,
      0.08152513,
      0.0350381546,
      0.02587659,
      0.0237098485,
      0.01120466,
      -0.0113917049,
      -0.0568652228,
      -0.103448652,
      -0.147142112,
      -0.147431791,
      -0.0230998173,
      0.107738063,
      0.13052617,
      0.115807563,
      0.09359622,
      0.07092205,
      0.06959618,
      0.0752892047,
      0.08009316,
      0.08631313,
      0.09338579,
      0.100747809,
      0.107835844,
      0.114086583,
      0.119632185,
      0.123308353,
      0.123478889,
      0.12170814,
      0.119436257,
      0.115952358,
      0.110322639,
      0.101613283,
      0.0878856,
      0.0731578544,
      0.0603856221,
      0.05137164
    ],