{
  "name": "Monster1_Damage_Left",
  "rootMotion": {
    "length": 0.6666667,
    "frameRate": 60,
    "tx": [
      -0.0229902137,
      -0.00339538418,
      -0.0180096868,
      -0.149762854,
      -0.286702216,
      -0.320456684,
      -0.323211372,
      -0.335560054,
      -0.343905866,
      -0.347872019,
      -0.348392218,
      -0.346090943,
      -0.341519177,
      -0.335442483,
      -0.3278414,
      -0.318770021,
      -0.308773577,
      -0.298297226,
      -0.287695318,
      -0.277518034,
      -0.267622948,
      -0.258231938,
      -0.248802528,
      -0.238898143,
      -0.2284229,
      -0.217131764,
      -0.205035731,
      -0.1933825,
      -0.178216726,
      -0.154460132,
      -0.126729667,
      -0.09695293,
      -0.06811914,
      -0.0432598777,
      -0.0241752453,
      -0.0149668483,
      -0.0117616411,
      -0.0125799961,
      -0.0158433784,
      -0.0192251615
    ],
    "ty": [
      0.9781055,
      0.973407,
      0.9593127,
      0.9125163,
      0.8653537,
      0.8495959,
      0.8436311,
      0.835090756,
      0.828016341,
      0.8222993,
      0.8180207,
      0.8151435,
      0.8139138,
      0.8145863,
      0.817097664,
      0.8217396,
      0.8277023,
      0.834446132,
      0.8414518,
      0.8480403,
      0.8541513,
      0.8593208,
      0.864082038,
      0.8687617,
      0.8735154,
      0.8785968,
      0.884038866,
      0.889971137,
      0.896357954,
      0.903163,
      0.9105176,
      0.918700457,
      0.9272325,
      0.935925961,
      0.9441854,
      0.951186657,
      0.957428157,
      0.9630808,
      0.9683034,
      0.9732716
    ],
    "tz": [
      -0.0172533542,
      0.015792381,
      0.0385046043,
      0.0277963057,
      0.0115944818,
      0.0146626383,
      0.0234042965,
      0.0324304365,
      0.0418821834,
      0.0502641238,
      0.0570967868,
      0.06112661,
      0.0631804243,
      0.06346495,
      0.06258694,
      0.06118633,
      0.059370406,
      0.057371784,
      0.0554544441,
      0.0541646779,
      0.0528881624,
      0.05145096,
      0.0490782633,
      0.0453648344,
      0.0390281044,
      0.02737911,
      0.0142319575,
      0.00151264574,
      -0.00780368643,
      -0.008348576,
      -0.00537645258,
      -0.00235914742,
      0.000724585261,
      0.003065331,
      0.003683345,
      0.000581925269,
      -0.00399739062,
      -0.00863522,
      -0.0128618851,
      -0.0153371636
    ],
    "qx": [
      -0.009735644,
      0.07965322,
      0.141119674,
      0.111332044,
      0.06859584,
      0.08354752,
      0.115862742,
      0.148330122,
      0.182247385,
      0.213899761,
      0.241113424,
      0.260405153,
      0.271988362,
      0.273901641,
      0.26918608,
      0.259581029,
      0.247030333,
      0.233448491,
      0.220662832,
      0.211098045,
      0.2048764,
      0.2038716,
      0.205253839,
      0.207052976,
      0.208564013,
      0.2083462,
      0.206636831,
      0.2030566,
      0.198014438,
      0.191952884,
      0.1843917,
      0.175234452,
      0.163772136,
      0.14919959,
      0.131708965,
      0.110844187,
      0.08774469,
      0.06299764,
      0.03780371,
      0.0138839167
    ],
    "qy": [
      0.542141557,
      0.33686617,
      0.150891811,
      0.0128849745,
      -0.08594951,
      -0.135449857,
      -0.163820237,
      -0.198656291,
      -0.231621832,
      -0.264470667,
      -0.294528157,
      -0.320830971,
      -0.3399989,
      -0.347598642,
      -0.345825881,
      -0.334215879,
      -0.3163164,
      -0.294518352,
      -0.271827728,
      -0.251727819,
      -0.235177577,
      -0.2255547,
      -0.219086289,
      -0.213985816,
      -0.207671776,
      -0.197628334,
      -0.181872,
      -0.156987935,
      -0.124754637,
      -0.08507181,
      -0.0401610136,
      0.00749321654,
      0.05878087,
      0.113853022,
      0.17244184,
      0.235086262,
      0.299517155,
      0.3642689,
      0.427470148,
      0.485635936
    ],
    "qz": [
      0.0364637077,
      -0.0337880179,
      -0.06998739,
      0.00230842829,
      0.095980376,
      0.1360445,
      0.160538226,
      0.1845643,
      0.201942846,
      0.210598573,
      0.213320345,
      0.211505964,
      0.207253218,
      0.203519359,
      0.19912371,
      0.193991423,
      0.187762365,
      0.180070773,
      0.170858845,
      0.160228848,
      0.147334725,
      0.1310749,
      0.112318173,
      0.0908859149,
      0.06881868,
      0.04759843,
      0.02872217,
      0.0137550188,
      0.003974505,
      0.00202459726,
      0.005370847,
      0.01335578,
      0.0229926687,
      0.0312526152,
      0.0376050919,
      0.0398436077,
      0.03996724,
      0.03903632,
      0.03766054,
      0.0369927846
    ],
    "qw": [
      0.839439631,
      0.915374041,
      0.9759197,
      0.992564559,
      0.9892905,
      0.9807168,
      0.966419458,
      0.9509191,
      0.934000552,
      0.916349649,
      0.8997847,
      0.8857512,
      0.876053452,
      0.8735584,
      0.8765236,
      0.884995937,
      0.8964742,
      0.908877969,
      0.9209916,
      0.9308003,
      0.9386213,
      0.9436565,
      0.9472366,
      0.950287342,
      0.9532251,
      0.95675,
      0.9609367,
      0.9664479,
      0.9722199,
      0.9776702,
      0.9820176,
      0.9844239,
      0.984477162,
      0.9817576,
      0.975450158,
      0.9646864,
      0.9492068,
      0.9281284,
      0.902453661,
      0.871962965
    ]
  },
  "isLoop": false,
  "boxes": []
}