{
  "name": "Monster1_Damage_Right",
  "rootMotion": {
    "length": 0.6666667,
    "frameRate": 60,
    "tx": [
      -0.0229902826,
      -0.0135792829,
      -0.004641774,
      0.0018474781,
      0.009918812,
      0.0220128857,
      0.0409239531,
      0.0740981251,
      0.110020556,
      0.14021036,
      0.16301164,
      0.172443941,
      0.173000053,
      0.165875867,
      0.1549817,
      0.144605026,
      0.134810328,
      0.127723,
      0.121447913,
      0.114678875,
      0.107774734,
      0.100572154,
      0.09333151,
      0.08618248,
      0.0793537647,
      0.07314992,
      0.0674729645,
      0.06232546,
      0.0577103235,
      0.0536690466,
      0.0500884652,
      0.0471103564,
      0.044011347,
      0.04029079,
      0.03542241,
      0.0285414457,
      0.0201627351,
      0.0103349295,
      -0.000408169057,
      -0.0115734953
    ],
    "ty": [
      0.978105545,
      0.9167621,
      0.869010746,
      0.8615825,
      0.868652642,
      0.8719188,
      0.875545,
      0.8780406,
      0.878067434,
      0.8726293,
      0.86521,
      0.8578644,
      0.851883054,
      0.849860132,
      0.849939644,
      0.851308644,
      0.853432238,
      0.8553056,
      0.857525349,
      0.8601835,
      0.8637892,
      0.868801236,
      0.8754634,
      0.88459307,
      0.8949287,
      0.9058617,
      0.9162507,
      0.9248043,
      0.9313644,
      0.934820354,
      0.9367388,
      0.938071549,
      0.9395522,
      0.9422964,
      0.9461096,
      0.951477945,
      0.9574755,
      0.963416457,
      0.9690665,
      0.9737455
    ],
    "tz": [
      -0.017253451,
      -0.0177736077,
      -0.02068075,
      -0.0313646868,
      -0.0432039276,
      -0.0523260757,
      -0.0558736175,
      -0.0465925075,
      -0.033799924,
      -0.0242584888,
      -0.0183779337,
      -0.0197151843,
      -0.0255912878,
      -0.0354411155,
      -0.0464801155,
      -0.0559051372,
      -0.063206844,
      -0.0663358644,
      -0.06710914,
      -0.0663142651,
      -0.06498992,
      -0.0640461,
      -0.06465635,
      -0.06888032,
      -0.0749695,
      -0.08270821,
      -0.08955771,
      -0.09341604,
      -0.0927574039,
      -0.08431324,
      -0.07121012,
      -0.054287374,
      -0.0371378027,
      -0.0234967321,
      -0.0137755182,
      -0.01066202,
      -0.011062026,
      -0.0131750219,
      -0.01580789,
      -0.0167369191
    ],
    "qx": [
      -0.00973570347,
      0.0414963774,
      0.07723743,
      0.06390944,
      0.04028228,
      0.0326885954,
      0.04486202,
      0.09854833,
      0.166043848,
      0.227778822,
      0.281096876,
      0.315124,
      0.334943235,
      0.339956,
      0.336333215,
      0.3296259,
      0.321095735,
      0.314672947,
      0.307902753,
      0.299658269,
      0.289885968,
      0.2782713,
      0.2644702,
      0.2475166,
      0.2289622,
      0.209498942,
      0.190739945,
      0.174403608,
      0.160865933,
      0.151846319,
      0.145032927,
      0.139282212,
      0.13280879,
      0.1235272,
      0.11119429,
      0.09422445,
      0.07455957,
      0.05325248,
      0.0313846767,
      0.0106960535
    ],
    "qy": [
      0.542141438,
      0.529007435,
      0.5163152,
      0.5057634,
      0.4940234,
      0.474305749,
      0.4586913,
      0.460885435,
      0.469225466,
      0.476865232,
      0.48306042,
      0.4837565,
      0.48203817,
      0.4800052,
      0.476557732,
      0.471158266,
      0.46421957,
      0.456043869,
      0.44642514,
      0.435469568,
      0.422542781,
      0.406941742,
      0.38897875,
      0.367908776,
      0.346200824,
      0.3253975,
      0.3075326,
      0.295322239,
      0.2882619,
      0.287139446,
      0.290793478,
      0.297993064,
      0.309734643,
      0.326594621,
      0.348602384,
      0.376735777,
      0.408726037,
      0.443364352,
      0.4784488,
      0.510672033
    ],
    "qz": [
      0.0364637077,
      -0.03722181,
      -0.09298682,
      -0.09532495,
      -0.07907322,
      -0.06714241,
      -0.059804976,
      -0.06861922,
      -0.08263841,
      -0.09420329,
      -0.105009675,
      -0.113956265,
      -0.1217751,
      -0.129083782,
      -0.135124356,
      -0.139217809,
      -0.141744956,
      -0.142811522,
      -0.142563611,
      -0.1415087,
      -0.1386685,
      -0.133286759,
      -0.125204951,
      -0.113508396,
      -0.0997094959,
      -0.0844327062,
      -0.069427155,
      -0.05637899,
      -0.04610138,
      -0.0406601131,
      -0.037983302,
      -0.0372802541,
      -0.03677334,
      -0.03457907,
      -0.0302246287,
      -0.02208642,
      -0.0117333746,
      6.045401E-05,
      0.0125340819,
      0.0245200358
    ],
    "qw": [
      0.839439631,
      0.843088567,
      0.8478248,
      0.855607033,
      0.8649083,
      0.8776235,
      0.885445356,
      0.8782484,
      0.863382,
      0.84297967,
      0.8225635,
      0.808890641,
      0.800389647,
      0.7985157,
      0.8009462,
      0.806187451,
      0.8132076,
      0.82015115,
      0.8279956,
      0.8370243,
      0.847464144,
      0.8597967,
      0.8735419,
      0.888973951,
      0.9043118,
      0.918073058,
      0.9296356,
      0.9376742,
      0.9428162,
      0.944976747,
      0.9449669,
      0.9436738,
      0.940784,
      0.9365003,
      0.9301609,
      0.921186149,
      0.909531057,
      0.8945853,
      0.8774651,
      0.858824849
    ]
  },
  "isLoop": false,
  "boxes": []
}