{
  "name": "Monster1_Damage_Back",
  "rootMotion": {
    "length": 0.6666667,
    "frameRate": 60,
    "tx": [
      -0.0229905844,
      0.00462907,
      0.0291676745,
      0.0467031077,
      0.0566775277,
      0.05520351,
      0.0483476967,
      0.0407928377,
      0.03280319,
      0.0252033919,
      0.0209950376,
      0.0251017027,
      0.0325820744,
      0.0405302346,
      0.04776356,
      0.0514345542,
      0.0536318868,
      0.0557534471,
      0.0570241138,
      0.0571320467,
      0.056085337,
      0.0536737852,
      0.0502404422,
      0.04600576,
      0.0411273,
      0.0357524641,
      0.03013219,
      0.0244759843,
      0.0190554969,
      0.01436844,
      0.009946097,
      0.00529846735,
      0.0009871206,
      -0.00241217762,
      -0.00543206744,
      -0.008422133,
      -0.0113557409,
      -0.0143579748,
      -0.0173232816,
      -0.0201586243
    ],
    "ty": [
      0.978105545,
      0.9039515,
      0.846505761,
      0.8384713,
      0.8485724,
      0.8545555,
      0.8620566,
      0.8697366,
      0.8762675,
      0.8797836,
      0.88055867,
      0.8777297,
      0.8728415,
      0.8664869,
      0.860658348,
      0.8581132,
      0.857148945,
      0.8567823,
      0.8576127,
      0.860020161,
      0.8636794,
      0.8685663,
      0.874157846,
      0.8799565,
      0.885862947,
      0.891613066,
      0.897203565,
      0.9024969,
      0.907631338,
      0.912711143,
      0.917701,
      0.922453344,
      0.9274089,
      0.933057,
      0.9391035,
      0.9454604,
      0.951998234,
      0.9585652,
      0.9651408,
      0.9716343
    ],
    "tz": [
      -0.0172534548,
      0.0137851574,
      0.0442263559,
      0.07318333,
      0.100926891,
      0.128062233,
      0.152699471,
      0.171962172,
      0.189415127,
      0.207335636,
      0.226709649,
      0.2515388,
      0.2750534,
      0.292487532,
      0.301831454,
      0.297361284,
      0.285453439,
      0.2698873,
      0.252729982,
      0.237449914,
      0.2236226,
      0.212577149,
      0.2025211,
      0.191868082,
      0.1813291,
      0.171010554,
      0.16114004,
      0.151908129,
      0.143532455,
      0.1364018,
      0.130193427,
      0.124547392,
      0.119964041,
      0.117015846,
      0.1151264,
      0.113972232,
      0.113367051,
      0.1130981,
      0.11292135,
      0.112446465
    ],
    "qx": [
      -0.00973570347,
      -0.0295471456,
      -0.0394390225,
      -0.017629249,
      0.01021418,
      0.0220242515,
      0.0287800431,
      0.0330441669,
      0.0379990041,
      0.046017725,
      0.0620905161,
      0.09608784,
      0.135742083,
      0.173429742,
      0.205088809,
      0.221612334,
      0.230511427,
      0.236947939,
      0.238862678,
      0.23580806,
      0.228111073,
      0.215536952,
      0.199323311,
      0.1803399,
      0.159455389,
      0.137540683,
      0.115458757,
      0.0940936357,
      0.07425289,
      0.05697024,
      0.0424510948,
      0.0315881968,
      0.0233530458,
      0.01724577,
      0.012573434,
      0.008530663,
      0.00495498069,
      0.0014353632,
      -0.002087921,
      -0.005874007
    ],
    "qy": [
      0.542141438,
      0.424723834,
      0.337080628,
      0.3388739,
      0.370215,
      0.38438648,
      0.401536942,
      0.429290771,
      0.458502978,
      0.483783126,
      0.5014915,
      0.5038678,
      0.49788323,
      0.486591578,
      0.473984838,
      0.4660173,
      0.459856123,
      0.4543484,
      0.450408548,
      0.448809743,
      0.448823065,
      0.450221121,
      0.4522723,
      0.454128027,
      0.455911815,
      0.457394,
      0.458785832,
      0.460090667,
      0.4617026,
      0.463914663,
      0.4670333,
      0.471546233,
      0.477202326,
      0.4840092,
      0.4916784,
      0.5000229,
      0.508745849,
      0.517570853,
      0.526249051,
      0.534296
    ],
    "qz": [
      0.0364637375,
      0.0567688569,
      0.06535214,
      0.03463688,
      0.0004658401,
      -0.003926912,
      0.00170808425,
      0.008457432,
      0.01704377,
      0.0262343045,
      0.0329819322,
      0.0326479226,
      0.0287743546,
      0.0227577239,
      0.01639608,
      0.012480271,
      0.009428412,
      0.006314137,
      0.003961739,
      0.002905263,
      0.00308907358,
      0.00478343852,
      0.007544683,
      0.011051625,
      0.0152070755,
      0.0198833179,
      0.0248507615,
      0.029947646,
      0.03484277,
      0.03929858,
      0.0428724,
      0.0449263826,
      0.045808617,
      0.0454623029,
      0.0444642268,
      0.0434006155,
      0.0421862863,
      0.04096713,
      0.0396361649,
      0.0380888581
    ],
    "qw": [
      0.8394397,
      0.8956847,
      0.9383768,
      0.940660834,
      0.9288901,
      0.923276246,
      0.9153892,
      0.9022976,
      0.88771677,
      0.8736689,
      0.8623014,
      0.857592642,
      0.85607177,
      0.855642259,
      0.8561592,
      0.85666275,
      0.8575012,
      0.8587348,
      0.8602684,
      0.8619825,
      0.8640105,
      0.866496,
      0.86928916,
      0.8723978,
      0.8754928,
      0.878305,
      0.8806632,
      0.8823381,
      0.8832348,
      0.8831735,
      0.8821794,
      0.8801515,
      0.877288342,
      0.873718739,
      0.869550347,
      0.8648799,
      0.859868646,
      0.854653955,
      0.849404,
      0.8443906
    ]
  },
  "isLoop": false,
  "boxes": []
}