{
  "name": "Monster1_Skill_B",
  "rootMotion": {
    "length": 1.6,
    "frameRate": 60,
    "tx": [
      0.07690239,
      0.0609813854,
      0.0381385125,
      0.0144385565,
      -0.001582004,
      0.00607237266,
      0.0210893229,
      0.03290379,
      0.04026943,
      0.03660036,
      0.02735008,
      0.0148268538,
      0.00188057683,
      -0.00766540738,
      -0.0144231627,
      -0.01698749,
      -0.0175868459,
      -0.0180088524,
      -0.01817082,
      -0.0188723113,
      -0.0192541871,
      -0.0192006715,
      -0.01728124,
      -0.0121351872,
      -0.00343731837,
      0.0110100433,
      0.026950052,
      0.0448519848,
      0.0527354,
      0.03279651,
      0.00297638727,
      -0.0239170715,
      -0.05029021,
      -0.0762405,
      -0.09588663,
      -0.0998202339,
      -0.09872041,
      -0.101419464,
      -0.104048952,
      -0.105458945,
      -0.106008723,
      -0.105882317,
      -0.10526377,
      -0.104337119,
      -0.103286423,
      -0.102139339,
      -0.10072396,
      -0.0992855653,
      -0.09693459,
      -0.09246139,
      -0.08707126,
      -0.08186002,
      -0.07594654,
      -0.06870635,
      -0.060465157,
      -0.05107896,
      -0.04133244,
      -0.0320160724,
      -0.02296858,
      -0.0144363288,
      -0.00598681532,
      0.002844282,
      0.0117153041,
      0.02035534,
      0.0290166587,
      0.0379689522,
      0.04697374,
      0.05563319,
      0.0635494739,
      0.07032475,
      0.07556119,
      0.07898732,
      0.0806317851,
      0.08054698,
      0.07878531,
      0.0753991455,
      0.0704408959,
      0.0638820753,
      0.0559767038,
      0.0472010076,
      0.0380311944,
      0.0288212523,
      0.01919392,
      0.008872984,
      -0.002140414,
      -0.0146444887,
      -0.0265175588,
      -0.0360869281,
      -0.0428028069,
      -0.0449416675,
      -0.0443513356,
      -0.0423527025,
      -0.03886003,
      -0.034628965,
      -0.0304151587,
      -0.0266427118,
      -0.02299084
    ],
    "ty": [
      0.6947836,
      0.637766,
      0.59065026,
      0.5387453,
      0.518051267,
      0.5810796,
      0.663606167,
      0.7102609,
      0.7469931,
      0.781766653,
      0.81159246,
      0.8368997,
      0.8581175,
      0.875675142,
      0.8900018,
      0.9015266,
      0.9106787,
      0.91788733,
      0.92358166,
      0.928512633,
      0.9322886,
      0.933625,
      0.931237161,
      0.9238406,
      0.9101506,
      0.8888826,
      0.8587521,
      0.821578741,
      0.769569457,
      0.674761057,
      0.6001063,
      0.6254438,
      0.6721446,
      0.679611444,
      0.671924233,
      0.659066141,
      0.651020646,
      0.655846953,
      0.664347649,
      0.668118656,
      0.6696397,
      0.669334948,
      0.667628467,
      0.664944351,
      0.6617068,
      0.658339858,
      0.655267656,
      0.6520561,
      0.650856,
      0.653409,
      0.657715261,
      0.662464857,
      0.6663478,
      0.66928035,
      0.672281861,
      0.6756968,
      0.679869831,
      0.6851454,
      0.691868,
      0.700382233,
      0.7110327,
      0.72416383,
      0.740120232,
      0.759246349,
      0.7818868,
      0.8086605,
      0.8389266,
      0.8711402,
      0.9037562,
      0.93522954,
      0.964015365,
      0.9885684,
      1.00734389,
      1.02007973,
      1.02804828,
      1.03200579,
      1.03270888,
      1.03091383,
      1.02737689,
      1.02285469,
      1.01810336,
      1.01387942,
      1.01093924,
      1.00886571,
      1.00673914,
      1.00456226,
      1.00233793,
      1.000069,
      0.997758269,
      0.995408535,
      0.9930226,
      0.9906033,
      0.9881535,
      0.985675931,
      0.98317343,
      0.9806489,
      0.978105
    ],
    "tz": [
      0.463297665,
      0.6277046,
      0.806312,
      0.9942987,
      1.1764437,
      1.33390248,
      1.47272408,
      1.58821678,
      1.69375849,
      1.80262864,
      1.90861893,
      2.009079,
      2.10135841,
      2.18280721,
      2.25077438,
      2.3072803,
      2.35665226,
      2.39970255,
      2.43724322,
      2.470086,
      2.49904346,
      2.52492714,
      2.548549,
      2.57165456,
      2.58898973,
      2.590168,
      2.59343314,
      2.60268521,
      2.650569,
      2.78364968,
      2.96406245,
      3.19641423,
      3.399858,
      3.460657,
      3.48209453,
      3.548358,
      3.60299468,
      3.61590075,
      3.608453,
      3.59399438,
      3.5858686,
      3.586418,
      3.58898377,
      3.593408,
      3.59953332,
      3.607201,
      3.61625385,
      3.62653327,
      3.63788152,
      3.65014052,
      3.66315269,
      3.67675972,
      3.69080377,
      3.705127,
      3.719571,
      3.734086,
      3.74877262,
      3.763701,
      3.778941,
      3.794562,
      3.81063461,
      3.82722831,
      3.84441257,
      3.86225772,
      3.88083339,
      3.90020967,
      3.920456,
      3.94164228,
      3.96383882,
      3.98567176,
      4.005967,
      4.025094,
      4.043421,
      4.061317,
      4.079151,
      4.09729242,
      4.11610937,
      4.135971,
      4.157246,
      4.180304,
      4.205513,
      4.23324251,
      4.263861,
      4.2977376,
      4.33524132,
      4.373342,
      4.408498,
      4.44031,
      4.468381,
      4.49231148,
      4.51170349,
      4.52615833,
      4.535278,
      4.54111671,
      4.546369,
      4.551597,
      4.557361
    ],
    "qx": [
      0.394895136,
      0.417324126,
      0.4174204,
      0.418483853,
      0.4098363,
      0.3876458,
      0.354496539,
      0.313461423,
      0.2676133,
      0.217928618,
      0.166233078,
      0.116873533,
      0.0741968453,
      0.0402862169,
      0.0142069943,
      -0.00310569815,
      -0.0146973431,
      -0.0231015682,
      -0.0289187524,
      -0.0340421572,
      -0.0371267833,
      -0.0377911367,
      -0.035037946,
      -0.0284814164,
      -0.0159056447,
      0.003573792,
      0.0343370438,
      0.07473895,
      0.143739551,
      0.297346056,
      0.422768176,
      0.383317262,
      0.306710482,
      0.287159562,
      0.288482159,
      0.312475443,
      0.339413971,
      0.3449655,
      0.344748318,
      0.3477892,
      0.349530429,
      0.3482111,
      0.34486565,
      0.340201974,
      0.3349281,
      0.329751968,
      0.3253816,
      0.320425749,
      0.320104629,
      0.331700772,
      0.347534031,
      0.361465126,
      0.3749363,
      0.387500584,
      0.398711,
      0.408120573,
      0.415282369,
      0.419749379,
      0.4210747,
      0.41934517,
      0.4146553,
      0.4065694,
      0.39465183,
      0.3784669,
      0.357578933,
      0.332077533,
      0.303319871,
      0.2727715,
      0.241898119,
      0.212165311,
      0.1850387,
      0.161170334,
      0.1400063,
      0.12185277,
      0.105333954,
      0.08903016,
      0.07340147,
      0.0584012531,
      0.0439828821,
      0.0300997272,
      0.01670517,
      0.00375256687,
      -0.008804686,
      -0.0213793162,
      -0.032764852,
      -0.0420381352,
      -0.0487919673,
      -0.0520816,
      -0.0525961332,
      -0.0506630354,
      -0.04656314,
      -0.041068688,
      -0.0349519029,
      -0.02837969,
      -0.0217406936,
      -0.015662916,
      -0.009735975
    ],