{
  "name": "Monster1_Run",
  "rootMotion": {
    "length": 0.400000036,
    "frameRate": 60,
    "tx": [
      -0.0259935819,
      -0.0142273949,
      -0.00238478719,
      0.009959777,
      0.0218353532,
      0.03267904,
      0.0416922234,
      0.0478789844,
      0.0512683429,
      0.05130141,
      0.0487459861,
      0.0439900719,
      0.0376141742,
      0.0304375738,
      0.0221319236,
      0.0119182328,
      0.001967701,
      -0.00548008271,
      -0.0114091821,
      -0.0159537345,
      -0.0194239561,
      -0.0222042855,
      -0.0242061876,
      -0.0252870414
    ],
    "ty": [
      0.8265267,
      0.84334147,
      0.862045944,
      0.8870598,
      0.912682354,
      0.9369397,
      0.953071356,
      0.951571941,
      0.938702345,
      0.9153232,
      0.888129532,
      0.860056639,
      0.843244135,
      0.857650459,
      0.882754564,
      0.9030936,
      0.9234514,
      0.9470029,
      0.963111758,
      0.959431469,
      0.944268167,
      0.9210848,
      0.8920647,
      0.860129058
    ],
    "tz": [
      0.139586031,
      0.245494366,
      0.3522544,
      0.460464656,
      0.5717364,
      0.6902679,
      0.808896542,
      0.920543,
      1.0291549,
      1.1364069,
      1.24203837,
      1.34712,
      1.44933176,
      1.54279673,
      1.639256,
      1.75170684,
      1.87050474,
      1.99170721,
      2.11120415,
      2.22114515,
      2.32880831,
      2.43998885,
      2.55128455,
      2.6607945
    ],
    "qx": [
      0.465127528,
      0.479885221,
      0.49321866,
      0.5032047,
      0.5099159,
      0.5125783,
      0.5118077,
      0.508779347,
      0.5010408,
      0.4840745,
      0.46525085,
      0.448338568,
      0.439625025,
      0.451034933,
      0.469425052,
      0.4865866,
      0.4996407,
      0.500786543,
      0.4965809,
      0.490640849,
      0.4839846,
      0.479431748,
      0.475194961,
      0.47024107
    ],
    "qy": [
      -0.06305984,
      -0.0031328015,
      0.0544240028,
      0.1091362,
      0.15294598,
      0.174339086,
      0.183210418,
      0.184685469,
      0.181558192,
      0.180302739,
      0.175004125,
      0.163336888,
      0.141006723,
      0.09872785,
      0.04914908,
      -0.0008383766,
      -0.0432473421,
      -0.06409164,
      -0.074476406,
      -0.08112416,
      -0.0831966251,
      -0.08197778,
      -0.0778234452,
      -0.0710285157
    ],
    "qz": [
      0.03773669,
      0.06280003,
      0.0853402,
      0.102969371,
      0.112758435,
      0.108486734,
      0.0976410657,
      0.08442169,
      0.07246754,
      0.0689972043,
      0.06747208,
      0.06485918,
      0.05786022,
      0.04006777,
      0.01777625,
      -0.00718014874,
      -0.0278281271,
      -0.03428146,
      -0.0334445648,
      -0.0290961768,
      -0.0207271222,
      -0.008652503,
      0.005821798,
      0.0214439146
    ],
    "qw": [
      0.8821882,
      0.8735196,
      0.8639971,
      0.850682735,
      0.8389752,
      0.8341545,
      0.8336387,
      0.836637437,
      0.843056142,
      0.8534019,
      0.8650799,
      0.8767271,
      0.885155,
      0.885589361,
      0.8814244,
      0.8728667,
      0.864704967,
      0.86295867,
      0.8641427,
      0.8671226,
      0.8708661,
      0.873698831,
      0.876413,
      0.879286349
    ]
  },
  "isLoop": true,
  "boxes": []
}