{
  "name": "Monster1_Die",
  "rootMotion": {
    "length": 2.16666675,
    "frameRate": 60,
    "tx": [
      -0.02299106,
      0.0309249256,
      0.0739483759,
      0.08466318,
      0.08374747,
      0.08651873,
      0.08764269,
      0.0867049545,
      0.08426339,
      0.08060332,
      0.076128,
      0.0711156,
      0.0662267357,
      0.0622480139,
      0.0590795875,
      0.0570386127,
      0.0556606278,
      0.0547385477,
      0.0538174137,
      0.052613616,
      0.0504060574,
      0.04605517,
      0.0405327827,
      0.03424146,
      0.0277493633,
      0.0218460523,
      0.0162698422,
      0.011020219,
      0.006103244,
      0.00153059,
      -0.002715067,
      -0.00638574455,
      -0.010265748,
      -0.0148441736,
      -0.0207585674,
      -0.0295521468,
      -0.03899693,
      -0.0480279326,
      -0.05469952,
      -0.0554822758,
      -0.05406265,
      -0.0525649376,
      -0.0521461852,
      -0.0558685847,
      -0.0601410531,
      -0.06258034,
      -0.06262498,
      -0.0581095852,
      -0.0514626056,
      -0.04417628,
      -0.0368941128,
      -0.0307460744,
      -0.025765134,
      -0.0226567462,
      -0.0205335338,
      -0.0188603848,
      -0.0172858313,
      -0.0144059481,
      -0.012842807,
      -0.015670063,
      -0.0201296657,
      -0.025668323,
      -0.0287450422,
      -0.0242920779,
      -0.0163354874,
      -0.00662286952,
      0.00307736173,
      0.0105404062,
      0.0153871868,
      0.0159434229,
      0.0138695221,
      0.0101657258,
      0.00513875671,
      -0.00078485487,
      -0.00696409866,
      -0.0124770887,
      -0.01773959,
      -0.0227626823,
      -0.0278385747,
      -0.0335165076,
      -0.03903666,
      -0.04393552,
      -0.0478731,
      -0.0505832955,
      -0.0513807125,
      -0.04924474,
      -0.04491437,
      -0.03830798,
      -0.0308670178,
      -0.0239646211,
      -0.0177249648,
      -0.0130103305,
      -0.008979899,
      -0.00503319036,
      -0.00131100835,
      0.00221940922,
      0.00563784968,
      0.009023532,
      0.01241098,
      0.015885612,
      0.0193740018,
      0.022845516,
      0.0262571424,
      0.0295740925,
      0.03274101,
      0.03574449,
      0.0384238362,
      0.04053372,
      0.0423144922,
      0.0439854674,
      0.0453645848,
      0.0462595262,
      0.0469202362,
      0.04742823,
      0.0480966121,
      0.04938608,
      0.05093571,
      0.0526009426,
      0.0541931652,
      0.0555449724,
      0.0564479828,
      0.0564791337,
      0.0561147556,
      0.0556950979,
      0.0552057624,
      0.05459322,
      0.05431515,
      0.05477637,
      0.056082435,
      0.0587602928,
      0.061950922
    ],
    "ty": [
      0.978105247,
      0.8795652,
      0.8072093,
      0.8126196,
      0.8457872,
      0.872138441,
      0.896949768,
      0.9117407,
      0.9232088,
      0.9357852,
      0.9477883,
      0.959078968,
      0.969460666,
      0.978724957,
      0.986768067,
      0.993601739,
      0.998671,
      1.00122416,
      1.001863,
      1.000518,
      0.9984509,
      0.9970792,
      0.995867133,
      0.9948359,
      0.9937323,
      0.9926512,
      0.9905692,
      0.986337841,
      0.9804259,
      0.972869039,
      0.963817656,
      0.9529721,
      0.941718042,
      0.93095386,
      0.9218415,
      0.916517854,
      0.9129561,
      0.9095735,
      0.9071747,
      0.906307936,
      0.906159461,
      0.9064707,
      0.906124234,
      0.9047854,
      0.899847,
      0.8885979,
      0.871015,
      0.8454695,
      0.8140664,
      0.7780577,
      0.7383742,
      0.6967921,
      0.652026951,
      0.603507042,
      0.550870061,
      0.492196023,
      0.431585968,
      0.368079722,
      0.314941585,
      0.290382057,
      0.2786058,
      0.2691785,
      0.2642243,
      0.263120741,
      0.263672739,
      0.2633887,
      0.262535,
      0.260496259,
      0.257426351,
      0.253177345,
      0.248039216,
      0.242173865,
      0.235817775,
      0.229135752,
      0.222504929,
      0.216366872,
      0.210693359,
      0.205643758,
      0.201096877,
      0.196921349,
      0.193307072,
      0.190389127,
      0.188200682,
      0.186634377,
      0.186246872,
      0.187756583,
      0.190571323,
      0.194755152,
      0.199057624,
      0.202327192,
      0.204330444,
      0.2041614,
      0.202685937,
      0.2002737,
      0.197507754,
      0.195094332,
      0.193034112,
      0.1917015,
      0.190681726,
      0.189655676,
      0.188710421,
      0.18782936,
      0.187004283,
      0.1862226,
      0.185480863,
      0.184697226,
      0.1840944,
      0.1838898,
      0.184017524,
      0.184612364,
      0.185289532,
      0.185780957,
      0.185870975,
      0.18521221,
      0.183931485,
      0.1819914,
      0.179537237,
      0.176647216,
      0.173485249,
      0.170198783,
      0.166915521,
      0.163942426,
      0.160889328,
      0.157458961,
      0.153679147,
      0.149229527,
      0.144857347,
      0.1412498,
      0.138267472,
      0.136184335,
      0.13444753
    ],
    "tz": [
      -0.017253533,
      -0.005904506,
      -0.006879549,
      -0.0447746068,
      -0.09509812,
      -0.143589139,
      -0.184151709,
      -0.201701075,
      -0.208942711,
      -0.21374169,
      -0.215534642,
      -0.21580708,
      -0.216277525,
      -0.219348043,
      -0.224453479,
      -0.2321938,
      -0.241475523,
      -0.250656873,
      -0.26198262,
      -0.276599467,
      -0.2961599,
      -0.323596925,
      -0.356215328,
      -0.393175662,
      -0.431843758,
      -0.469438732,
      -0.5055614,
      -0.5383587,
      -0.5694115,
      -0.599907935,
      -0.629172862,
      -0.656538367,
      -0.6831713,
      -0.71028775,
      -0.737071633,
      -0.762623549,
      -0.7884097,
      -0.8151255,
      -0.8441837,
      -0.878266931,
      -0.9142602,
      -0.950554252,
      -0.985314667,
      -1.014163,
      -1.0431217,
      -1.07660663,
      -1.11506009,
      -1.16109717,
      -1.21261513,
      -1.26947129,
      -1.32840037,
      -1.38635421,
      -1.44253838,
      -1.494659,
      -1.54416466,
      -1.59202075,
      -1.63738394,
      -1.68072927,
      -1.7190671,
      -1.74726975,
      -1.77222645,
      -1.8003993,
      -1.8279438,
      -1.8525461,
      -1.87607753,
      -1.90002143,
      -1.92322779,
      -1.945036,
      -1.96546018,
      -1.98416591,
      -2.001538,
      -2.01783037,
      -2.033101,
      -2.04741359,
      -2.0610075,
      -2.07410812,
      -2.086825,
      -2.09945774,
      -2.11166334,
      -2.12325215,
      -2.134065,
      -2.1438396,
      -2.15269518,
      -2.160721,
      -2.167742,
      -2.17355371,
      -2.17833066,
      -2.18200731,
      -2.1851,
      -2.18810987,
      -2.19101763,
      -2.19412017,
      -2.1969707,
      -2.19903278,
      -2.20087433,
      -2.20287347,
      -2.20506239,
      -2.207697,
      -2.2104857,
      -2.213208,
      -2.21590829,
      -2.21856141,
      -2.22115612,
      -2.22367072,
      -2.22611356,
      -2.228541,
      -2.230789,
      -2.23261642,
      -2.234314,
      -2.23606372,
      -2.23794937,
      -2.24039721,
      -2.24256134,
      -2.24382424,
      -2.24392724,
      -2.24210048,
      -2.239259,
      -2.23595428,
      -2.232508,
      -2.22938037,
      -2.22670865,
      -2.22499824,
      -2.22360349,
      -2.22195244,
      -2.220326,
      -2.21877766,
      -2.21741724,
      -2.21644282,
      -2.215642,
      -2.214866,
      -2.21412182
    ],